City_ID,City,Lat,Lng,Max Temp,Humidity,Cloudiness,Wind Speed,Country,Date
0,lebu,-37.6167,-73.65,12.82,73,72,11.0,CL,1684897040
1,ribeira grande,38.5167,-28.7,16.54,84,94,4.02,PT,1684897056
2,iqaluit,63.7506,-68.5145,-7.15,79,100,2.57,CA,1684897040
3,grytviken,-54.2811,-36.5092,1.56,86,21,5.68,GS,1684897035
4,taunsa,30.7048,70.6505,32.82,30,10,4.24,PK,1684897146
5,sitka,57.0531,-135.33,10.94,71,0,5.14,US,1684897039
6,waitangi,-43.9535,-176.5597,12.12,86,78,1.79,NZ,1684897032
7,pacific grove,36.6177,-121.9166,13.7,86,40,5.66,US,1684897147
8,ushuaia,-54.8,-68.3,2.81,93,100,8.75,AR,1684897006
9,bilibino,68.0546,166.4372,11.47,40,80,2.16,RU,1684897074
10,edinburgh of the seven seas,-37.0676,-12.3116,13.45,59,91,10.44,SH,1684897033
11,quatre cocos,-20.2078,57.7625,22.06,79,20,1.74,MU,1684897147
12,avarua,-21.2078,-159.775,25.03,69,20,1.54,CK,1684897070
13,kudahuvadhoo,2.6708,72.8944,28.36,75,13,3.33,MV,1684897148
14,longyearbyen,78.2186,15.6401,2.91,70,75,0.51,SJ,1684897066
15,lihue,21.9789,-159.3672,27.58,75,40,6.69,US,1684897128
16,isafjordur,66.0755,-23.124,1.98,95,96,9.12,IS,1684897068
17,carnarvon,-24.8667,113.6333,22.31,55,100,1.96,AU,1684897149
18,whitehorse,60.7161,-135.0538,18.34,26,75,5.66,CA,1684897065
19,queenstown,-31.8976,26.8753,8.25,47,33,2.62,ZA,1684897149
20,ust-nera,64.5667,143.2,3.45,96,100,3.07,RU,1684897067
21,port-aux-francais,-49.35,70.2167,6.81,97,97,7.92,TF,1684897031
22,brookings,44.3114,-96.7984,22.19,56,40,3.94,US,1684897150
23,ta`u,-14.2336,-169.5144,27.23,80,61,5.08,AS,1684897094
24,bethel,41.3712,-73.414,12.58,78,0,0.0,US,1684897060
25,aginskoye,51.1,114.53,16.68,25,4,5.45,RU,1684897150
26,loreto,22.2667,-101.9667,23.36,31,100,1.6,MX,1684896861
27,cay,38.5917,31.0286,10.92,89,100,1.08,TR,1684897151
28,invercargill,-46.4,168.35,10.32,66,66,4.13,NZ,1684897018
29,klyuchi,52.2667,79.1667,19.01,33,0,4.87,RU,1684897069
30,saipan,15.1355,145.701,27.39,100,100,11.32,MP,1684897037
31,north bend,43.4065,-124.2243,14.58,82,40,8.23,US,1684897152
32,adamstown,-25.066,-130.1015,24.99,85,73,13.02,PN,1684897039
33,kovdor,67.5662,30.4758,11.46,74,9,3.27,RU,1684897152
34,la gi,10.6667,107.7833,32.4,59,86,5.1,VN,1684897152
35,anadyr,64.75,177.4833,4.28,75,40,3.0,RU,1684897051
36,hamilton,39.1834,-84.5333,21.89,69,20,0.0,US,1684896679
37,olonkinbyen,70.9221,-8.7187,0.81,89,100,12.87,SJ,1684897045
38,pochinki,54.6988,44.8668,16.31,60,100,6.0,RU,1684897153
39,magadan,59.5667,150.8,5.85,98,100,2.59,RU,1684897053
40,margaret river,-33.95,115.0667,15.58,50,99,6.75,AU,1684896738
41,thompson,55.7435,-97.8558,11.09,43,75,1.54,CA,1684897098
42,padang,-0.9492,100.3543,30.03,67,3,1.52,ID,1684897154
43,sciacca,37.5082,13.0881,17.24,82,6,1.59,IT,1684897155
44,puerto natales,-51.7236,-72.4875,-0.64,93,81,2.04,CL,1684897058
45,nyurba,63.2842,118.3319,12.74,31,99,3.22,RU,1684897132
46,wenshui,28.4506,106.5267,21.96,63,70,1.9,CN,1684897155
47,ilulissat,69.2167,-51.1,-4.36,95,100,4.12,GL,1684897064
48,tahla,34.0485,-4.428,12.76,88,92,0.57,MA,1684897156
49,tebessa,35.4042,8.1242,12.6,76,0,2.06,DZ,1684897156
50,colonia,50.9333,6.95,7.75,84,0,1.03,DE,1684896854
51,okondja,-0.6549,13.6753,22.45,98,95,0.67,GA,1684897156
52,mount gambier,-37.8333,140.7667,17.34,56,62,5.81,AU,1684897099
53,zeya,53.75,127.2667,15.41,57,88,2.04,RU,1684897157
54,cambria,35.5641,-121.0808,14.17,88,39,0.89,US,1684897157
55,maridi,4.9158,29.4742,19.15,95,37,1.93,SS,1684897157
56,albany,42.6001,-73.9662,16.76,67,8,2.77,US,1684897038
57,nar'yan-mar,67.6713,53.087,16.45,55,11,4.7,RU,1684897031
58,basco,20.4487,121.9702,26.95,77,74,3.89,PH,1684897158
59,richards bay,-28.783,32.0377,15.52,90,0,1.93,ZA,1684897063
60,bredasdorp,-34.5322,20.0403,11.52,90,100,1.42,ZA,1684897060
61,cockburn town,21.4612,-71.1419,26.84,77,0,1.94,TC,1684897126
62,petal,31.3466,-89.2601,21.97,85,75,3.09,US,1684897159
63,lurugan,8.0167,124.9667,25.66,80,68,1.48,PH,1684897159
64,mbanza-ngungu,-5.25,14.8667,20.04,99,63,1.41,CD,1684897159
65,manismata,-2.4667,111.0333,31.33,58,91,1.77,ID,1684897058
66,joshua tree,34.1347,-116.3131,28.02,14,5,7.15,US,1684897160
67,chonchi,-42.6128,-73.8092,7.29,91,100,4.61,CL,1684897118
68,wailua homesteads,22.0669,-159.378,27.24,75,40,6.69,US,1684897068
69,rongelap,11.1635,166.8941,28.21,73,100,7.46,MH,1684897160
70,hawaiian paradise park,19.5933,-154.9731,27.07,71,40,3.6,US,1684897042
71,adrar,20.5022,-10.0711,24.21,23,92,4.6,MR,1684897161
72,djibo,14.1022,-1.6306,31.84,42,30,5.03,BF,1684897161
73,kavieng,-2.5744,150.7967,27.64,80,98,3.87,PG,1684897083
74,enewetak,11.3474,162.3373,28.56,70,100,5.67,MH,1684897039
75,nantucket,41.2835,-70.0995,9.03,82,0,2.57,US,1684897075
76,kerikeri,-35.2268,173.9474,16.91,73,3,4.59,NZ,1684896950
77,georgetown,5.4112,100.3354,31.97,66,20,1.54,MY,1684896952
78,mancora,-4.1078,-81.0475,25.48,75,86,3.24,PE,1684897162
79,lashio,22.9333,97.75,31.11,37,27,1.21,MM,1684897163
80,stanley,54.868,-1.6985,8.83,86,0,3.09,GB,1684896788
81,aasiaat,68.7098,-52.8699,-3.84,92,100,6.4,GL,1684897055
82,liberia,6.5,-9.5,23.72,96,100,0.62,LR,1684897163
83,la sarre,48.8002,-79.1996,0.71,84,96,4.95,CA,1684897164
84,tura,25.5198,90.2201,26.5,76,51,1.48,IN,1684897104
85,kodiak,57.79,-152.4072,6.73,93,100,4.63,US,1684897094
86,nguigmi,14.2495,13.1092,30.27,47,26,5.62,NE,1684897150
87,luderitz,-26.6481,15.1594,13.4,69,35,2.35,NA,1684897106
88,hadibu,12.65,54.0333,29.04,71,71,1.9,YE,1684897040
89,cabo san lucas,22.8909,-109.9124,31.17,21,40,5.66,MX,1684897068
90,san patricio,28.017,-97.5169,27.13,76,17,3.48,US,1684897149
91,gebeit,21.0667,36.3167,24.79,64,67,1.52,SD,1684897080
92,kaka,37.3482,59.6143,30.13,27,1,1.67,TM,1684897165
93,udachny,66.4167,112.4,3.63,68,95,5.85,RU,1684897038
94,tual,-5.6667,132.75,27.76,79,66,10.59,ID,1684897124
95,chillicothe,39.3331,-82.9824,18.69,81,0,1.54,US,1684897137
96,bayanhongor,46.7167,100.1167,7.08,42,83,3.88,MN,1684897166
97,kourou,5.1552,-52.6478,25.03,93,100,2.12,GF,1684897158
98,nuuk,64.1835,-51.7216,-0.07,67,100,9.39,GL,1684897066
99,punta arenas,-53.15,-70.9167,2.06,87,0,5.66,CL,1684897048
100,kailua-kona,19.6406,-155.9956,27.5,78,75,4.63,US,1684896713
101,vila franca do campo,37.7167,-25.4333,16.23,82,85,3.45,PT,1684897061
102,ponta delgada,37.7333,-25.6667,16.4,82,40,2.06,PT,1684897168
103,goure,13.9835,10.2704,29.76,35,20,2.97,NE,1684897168
104,nova sintra,14.8667,-24.7167,20.21,81,79,5.41,CV,1684897113
105,akcadag,38.3453,37.9672,5.55,100,0,1.54,TR,1684897168
106,mount isa,-20.7333,139.5,25.87,29,0,5.14,AU,1684897159
107,mar del plata,-38.0023,-57.5575,17.83,98,100,2.57,AR,1684897132
108,qaqortoq,60.7167,-46.0333,-0.41,76,100,1.7,GL,1684897110
109,yellowknife,62.456,-114.3525,16.29,27,75,6.17,CA,1684897044
110,turpan,42.9333,89.1667,27.18,13,1,2.69,CN,1684897138
111,papatowai,-46.5619,169.4708,11.25,59,56,3.91,NZ,1684897063
112,vila do maio,15.1333,-23.2167,22.44,80,88,6.42,CV,1684897170
113,ekpoma,6.7421,6.139,22.27,99,100,1.24,NG,1684897170
114,oranjemund,-28.55,16.4333,11.75,74,99,0.41,NA,1684897072
115,belyy yar,53.6039,91.3903,16.94,36,0,7.0,RU,1684897171
116,mont-dore,-22.2833,166.5833,23.99,58,91,5.13,NC,1684897109
117,parnu,58.3859,24.4971,10.05,87,26,1.03,EE,1684897171
118,altamont,42.2068,-121.7372,17.91,32,0,7.72,US,1684897171
119,malango,-2.9627,119.9001,26.57,70,51,1.61,ID,1684897172
120,jaisalmer,26.9147,70.9181,30.61,56,14,8.61,IN,1684897172
121,tolanaro,-25.0319,46.9987,16.04,94,20,2.06,MG,1684897141
122,san luis de la loma,17.2706,-100.8939,27.98,72,38,2.18,MX,1684897172
123,jamestown,42.097,-79.2353,16.8,79,0,0.45,US,1684897067
124,hafnarfjordur,64.0671,-21.9377,6.21,70,75,15.43,IS,1684897173
125,holualoa,19.6228,-155.9522,25.31,78,75,4.63,US,1684897037
126,blackmans bay,-43.0167,147.3167,18.74,56,100,4.13,AU,1684897050
127,bandar lampung,-5.4254,105.258,28.15,75,56,2.63,ID,1684897173
128,san antonio de pale,-1.4014,5.6325,26.19,81,28,2.95,GQ,1684897041
129,kill devil hills,36.0307,-75.676,17.21,90,100,8.75,US,1684897174
130,sorong,-0.8833,131.25,29.93,66,89,2.94,ID,1684897107
131,namibe,-15.1961,12.1522,21.3,72,1,3.57,AO,1684897121
132,susuman,62.7833,148.1667,3.24,99,100,1.18,RU,1684897048
133,afaahiti,-17.75,-149.2833,26.93,79,78,5.7,PF,1684897174
134,yaren,-0.5472,166.916,25.93,80,100,1.74,NR,1684897175
135,alaghsas,17.0187,8.0168,32.18,15,95,4.21,NE,1684897175
136,sima,53.9202,102.0442,7.19,71,100,6.88,RU,1684897175
137,klaksvik,62.2266,-6.589,7.51,75,10,15.92,FO,1684897175
138,bargaal,11.2864,51.0773,27.64,82,96,4.32,SO,1684897175
139,kapa'a,22.0752,-159.319,27.99,74,40,6.69,US,1684896832
140,santa pola,38.1917,-0.5658,17.36,91,75,2.57,ES,1684897176
141,al hudaydah,14.7978,42.9545,30.28,69,42,2.44,YE,1684897176
142,flying fish cove,-10.4217,105.6791,26.82,83,75,4.63,CX,1684897168
143,port saint john's,-31.6229,29.5448,15.66,57,6,2.92,ZA,1684897049
144,tadine,-21.55,167.8833,22.88,55,88,6.93,NC,1684897105
145,kirovskiy,45.0917,133.5136,23.61,40,4,3.96,RU,1684897177
146,matoury,4.8483,-52.3317,24.98,94,75,0.0,GF,1684897177
147,talnakh,69.4865,88.3972,0.67,87,61,4.67,RU,1684897060
148,onega,63.9061,38.1404,13.0,86,84,3.02,RU,1684897178
149,sabzevar,36.2126,57.6819,25.53,33,3,2.43,IR,1684897178
150,harper,4.375,-7.7169,26.87,84,46,2.35,LR,1684897178
151,st. john's,47.5649,-52.7093,2.38,95,75,6.17,CA,1684897006
152,porto novo,6.4965,2.6036,27.9,88,100,1.97,BJ,1684897179
153,fort bragg,35.139,-79.006,19.34,42,100,5.14,US,1684897112
154,chaman,30.9236,66.4512,25.75,25,0,5.37,PK,1684897179
155,maloye ganyushkino,46.6,49.2667,21.98,67,65,7.29,KZ,1684897179
156,puerto baquerizo moreno,-0.9,-89.6,25.22,77,78,4.2,EC,1684897043
157,christchurch,-43.5333,172.6333,13.86,64,20,1.54,NZ,1684896778
158,nuku'alofa,-21.1333,-175.2,25.19,69,75,4.12,TO,1684897164
159,remire-montjoly,4.9167,-52.2667,25.02,94,75,0.0,GF,1684896726
160,kargil,34.5667,76.1,5.63,84,100,2.0,IN,1684897180
161,vytegra,61.0064,36.4481,12.95,96,100,1.96,RU,1684897181
162,puerto ayora,-0.7393,-90.3518,25.86,91,100,1.34,EC,1684896802
163,rawson,-43.3002,-65.1023,10.79,38,0,5.29,AR,1684897181
164,balakhta,55.38,91.6,11.25,40,50,7.2,RU,1684897181
165,rouissat,31.9243,5.3502,22.04,35,5,1.54,DZ,1684897181
166,les avirons,-21.2418,55.3394,20.77,88,100,2.57,RE,1684897182
167,haiku-pauwela,20.9219,-156.3051,28.01,59,0,11.32,US,1684897095
168,taksimo,56.3444,114.8794,13.66,31,69,0.76,RU,1684897182
169,farah,32.5,62.5,26.81,20,0,2.89,AF,1684897182
170,ivdel',60.6911,60.4206,18.0,56,100,0.51,RU,1684897182
171,saudarkrokur,65.7461,-19.6394,3.02,95,100,9.54,IS,1684897183
172,pangody,65.85,74.4859,5.54,54,58,1.0,RU,1684897114
173,bubaque,11.2833,-15.8333,27.45,73,100,5.34,GW,1684897183
174,chibougamau,49.9168,-74.3659,4.79,87,100,5.66,CA,1684897141
175,embarcacion,-23.209,-64.096,21.79,94,24,0.18,AR,1684897184
176,san pedro pochutla,15.7333,-96.4667,28.73,73,11,2.55,MX,1684897160
177,polovinnoye,54.7914,65.9864,21.09,36,34,3.28,RU,1684897184
178,alice springs,-23.7,133.8833,20.75,28,2,2.06,AU,1684897165
179,olinda,-8.0089,-34.8553,24.85,88,75,4.12,BR,1684897030
180,isangel,-19.55,169.2667,24.09,58,99,7.28,VU,1684897185
181,prado,-17.3411,-39.2208,21.92,90,99,1.75,BR,1684896679
182,praia da vitoria,38.7333,-27.0667,17.14,77,40,4.18,PT,1684897124
183,utrik,11.2278,169.8474,27.98,77,100,7.43,MH,1684897088
184,midvagur,62.0511,-7.1939,7.46,76,75,10.29,FO,1684897141
185,tobelo,1.7284,128.0095,30.85,65,70,2.32,ID,1684897186
186,wukari,7.85,9.7833,26.66,77,97,2.36,NG,1684897186
187,bonthe,7.5264,-12.505,24.41,92,93,2.0,SL,1684897186
188,kangaba,11.9333,-8.4167,29.01,41,51,1.46,ML,1684897186
189,as sulayyil,20.4607,45.5779,27.14,40,100,7.49,SA,1684897056
190,tiksi,71.6872,128.8694,-2.7,81,15,1.82,RU,1684897077
191,espiye,40.9479,38.7115,15.84,87,21,1.02,TR,1684897187
192,bathsheba,13.2167,-59.5167,26.34,89,40,3.6,BB,1684897187
193,isla mujeres,21.2311,-86.731,27.03,73,0,3.08,MX,1684897187
194,atafu village,-8.5421,-172.5159,28.3,73,93,3.0,TK,1684897043
195,badger,64.8,-147.5333,20.93,30,0,3.09,US,1684897055
196,dudinka,69.4058,86.1778,0.9,87,73,3.05,RU,1684897101
197,palmer,42.1584,-72.3287,13.75,66,75,4.63,US,1684897188
198,smithers,54.7804,-127.1743,22.18,33,0,3.6,CA,1684897122
199,lodwar,3.1191,35.5973,27.64,54,17,4.45,KE,1684897189
200,livingstonia,-10.606,34.1063,16.57,87,94,0.51,MW,1684897189
201,adelaide,-34.9333,138.6,20.8,56,75,7.72,AU,1684897000
202,leava,-14.3,-178.1667,27.33,80,100,6.2,WF,1684897189
203,la'ie,21.6477,-157.9253,28.98,72,2,3.58,US,1684897190
204,north ward,-19.2454,146.8075,27.95,42,20,7.72,AU,1684897190
205,xinqing,48.2333,129.5,24.86,24,100,6.09,CN,1684897190
206,lethem,3.3803,-59.7968,24.78,88,51,3.18,GY,1684897190
207,fort wellington,6.4,-57.6,25.81,88,100,3.87,GY,1684897191
208,ayutla de los libres,16.9,-99.2167,26.66,70,10,0.82,MX,1684897191
209,naze,28.3667,129.4833,23.51,66,25,6.09,JP,1684897070
210,port mathurin,-19.6833,63.4167,24.96,61,1,5.68,MU,1684897059
211,leh,34.1667,77.5833,8.42,63,100,2.43,IN,1684897170
212,atuncolla,-15.6833,-70.15,4.64,51,9,1.51,PE,1684897192
213,ha tinh,18.3333,105.9,33.09,56,93,1.7,VN,1684897192
214,amos,48.5669,-78.1162,1.43,92,100,4.83,CA,1684897011
215,bol'shoy kamen',43.1225,132.3583,17.94,61,1,3.68,RU,1684897193
216,samana,19.2056,-69.3369,24.61,90,0,2.28,DO,1684897120
217,codrington,-38.2667,141.9667,16.93,56,38,8.33,AU,1684897073
218,puerto ayacucho,5.6639,-67.6236,24.86,92,92,1.06,VE,1684897193
219,magistral'nyy,56.1725,107.4458,6.47,88,100,2.0,RU,1684897194
220,lee acres,35.1487,-106.647,25.46,28,75,2.57,US,1684897194
221,antsiranana,-12.2787,49.2917,22.22,91,94,1.44,MG,1684897085
222,ceelbuur,4.685,46.6176,24.97,84,75,4.49,SO,1684897194
223,kamina,-8.7386,24.9906,17.81,69,6,1.36,CD,1684897195
224,katsuura,35.1333,140.3,19.43,43,3,1.81,JP,1684897195
225,kita,13.0349,-9.4895,31.03,33,99,1.01,ML,1684897195
226,itaituba,-4.2761,-55.9836,24.38,96,100,0.88,BR,1684897156
227,kaoma,-14.7833,24.8,14.02,60,1,2.45,ZM,1684897196
228,catacaos,-5.2667,-80.6833,26.17,63,88,6.35,PE,1684897196
229,bela,25.9333,81.9833,34.92,33,74,3.54,IN,1684897196
230,west island,-12.1568,96.8225,28.99,74,40,2.06,CC,1684897032
231,weno,7.4515,151.8468,25.97,94,100,3.09,FM,1684897090
232,ellsworth,44.5434,-68.4195,8.81,87,0,3.09,US,1684896918
233,durres,41.3231,19.4414,14.1,78,11,2.22,AL,1684897197
234,shingu,33.7333,135.9833,21.29,41,0,2.22,JP,1684897197
235,mooloolaba,-26.6833,153.1167,22.95,58,0,3.36,AU,1684897197
236,new norfolk,-42.7826,147.0587,19.4,51,100,4.02,AU,1684897145
237,crucecita,-28.95,-58.9833,21.78,84,0,4.67,AR,1684897037
238,jatai,-17.8814,-51.7144,15.43,65,0,1.76,BR,1684897198
239,cooper's town,26.8667,-77.5167,25.71,77,11,4.79,BS,1684897198
240,talikota,16.4833,76.3167,31.67,40,1,5.54,IN,1684897199
241,vorgashor,67.5833,63.95,10.64,56,16,3.71,RU,1684897065
242,alofi,-19.0595,-169.9187,26.94,65,40,2.06,NU,1684897082
243,coquimbo,-29.9533,-71.3436,13.85,100,100,1.03,CL,1684897116
244,pemangkat,1.1667,108.9667,29.98,67,97,3.77,ID,1684897199
245,nema,57.5067,50.5011,17.25,65,85,2.47,RU,1684897200
246,idri,27.5,13.2667,22.66,11,63,1.16,LY,1684897200
247,mae hong son,19.3003,97.9685,30.08,62,20,1.03,TH,1684897201
248,auki,-8.7676,160.7034,28.1,80,37,0.06,SB,1684897201
249,tsiombe,-25.3,45.4833,15.8,71,6,0.78,MG,1684897084
250,matthew town,20.95,-73.6667,27.06,72,0,3.31,BS,1684897204
251,pitanga,-24.7572,-51.7614,13.45,81,0,1.92,BR,1684897205
252,mil'kovo,55.6078,37.7956,15.73,97,100,1.93,RU,1684897148
253,saldanha,-33.0117,17.9442,8.03,83,100,3.62,ZA,1684897102
254,nagqu,31.5,92.0,6.87,41,100,3.98,CN,1684897112
255,chetwayi,10.5333,76.05,29.4,74,80,0.78,IN,1684897207
256,kavaratti,10.5669,72.642,29.02,72,16,1.6,IN,1684897207
257,conduaga,8.862,117.4893,29.25,72,100,3.15,PH,1684897208
258,west end,26.6833,-78.9667,24.99,72,65,4.23,BS,1684897209
259,mwinilunga,-11.7358,24.4293,14.59,77,5,1.82,ZM,1684897210
260,samborondon,-1.95,-79.7333,27.0,95,58,0.19,EC,1684897211
261,barcin,52.8661,17.9463,14.62,95,100,1.85,PL,1684897211
262,portland,45.5234,-122.6762,17.32,61,0,3.6,US,1684896609
263,nemuro,43.3236,145.575,4.98,83,100,7.38,JP,1684897104
264,eilat,29.5581,34.9482,24.91,41,0,5.14,IL,1684897212
265,northam,51.0333,-4.2167,10.22,93,41,3.1,GB,1684897212
266,bintulu,3.1667,113.0333,30.23,70,20,2.57,MY,1684896851
267,bardai,11.65,7.2333,26.27,66,46,4.54,NG,1684897153
268,pingdu,36.7844,119.9464,26.2,23,100,7.17,CN,1684897213
269,gufeng,26.9083,118.9819,15.94,83,89,1.4,CN,1684897213
270,chios,38.3678,26.1358,16.87,86,38,2.52,GR,1684897214
271,puerto deseado,-47.7503,-65.8938,6.16,44,0,5.45,AR,1684897214
272,hithadhoo,-0.6,73.0833,28.24,73,4,2.4,MV,1684897068
273,bikenibeu village,1.3673,173.1241,29.98,74,75,2.57,KI,1684897053
274,shiyan,32.6475,110.7781,20.16,62,5,1.0,CN,1684897215
275,harar,9.3094,42.1258,15.67,83,49,3.5,ET,1684897215
276,roma,43.2128,-75.4557,18.26,80,75,0.0,US,1684897005
277,port-vila,-17.7338,168.3219,24.78,69,100,4.63,VU,1684897216
278,baxter,46.3433,-94.2867,24.16,92,100,6.29,US,1684897216
279,ad-damazin,11.7891,34.3592,28.33,54,0,5.04,SD,1684897217
280,ambon,-3.6954,128.1814,31.08,66,40,4.12,ID,1684897039
281,aioun,16.6614,-9.6149,31.49,26,96,4.49,MR,1684897217
282,aykhal,66.0,111.5,1.25,79,95,6.22,RU,1684897095
283,port hedland,-20.3167,118.5667,28.03,15,2,6.69,AU,1684897105
284,port elizabeth,-33.918,25.5701,11.29,77,0,2.57,ZA,1684896955
285,'ain benian,36.8028,2.9219,18.03,85,96,1.84,DZ,1684897218
286,murun-kuren,49.6342,100.1625,12.15,42,18,8.12,MN,1684897108
287,cromer,52.9312,1.2989,10.04,79,100,4.48,GB,1684897219
288,obo,5.3998,26.4869,19.67,97,87,0.21,CF,1684897219
289,kismayo,-0.3582,42.5454,25.5,83,1,3.98,SO,1684897220
290,santa ana,33.7456,-117.8678,19.29,85,100,4.12,US,1684897034
291,durazno,-33.4131,-56.5006,20.63,83,100,7.46,UY,1684897220
292,hermanus,-34.4187,19.2345,14.41,69,100,1.64,ZA,1684897066
293,san nicolas,18.1725,120.5953,31.95,66,20,2.57,PH,1684897221
294,thisted,56.9552,8.6949,8.41,91,74,3.91,DK,1684896794
295,college,64.8569,-147.8028,20.97,28,40,3.09,US,1684896776
296,kruisfontein,-34.0033,24.7314,11.64,60,49,1.94,ZA,1684897127
297,rio grande,-32.035,-52.0986,18.54,91,70,4.03,BR,1684897043
298,bani suwayf,29.0744,31.0979,22.16,54,0,3.23,EG,1684897222
299,tofol,5.3248,163.0078,28.09,80,59,6.6,FM,1684897222
300,plettenberg bay,-34.0527,23.3716,12.22,66,85,1.07,ZA,1684897223
301,capim grosso,-11.3811,-40.0128,21.5,81,98,2.88,BR,1684897223
302,bir el djir,35.72,-0.545,16.47,77,75,0.51,DZ,1684897223
303,arsen'yev,44.1631,133.2733,24.55,30,0,3.52,RU,1684897224
304,bcharre,34.2508,36.0106,12.32,39,1,0.88,LB,1684897224
305,stephenville,32.2207,-98.2023,24.58,76,0,3.09,US,1684897205
306,saidpur,25.7777,88.8917,29.05,54,96,2.81,BD,1684897224
307,lata,40.1629,-8.3327,15.6,81,18,1.86,PT,1684897078
308,sieradz,51.5958,18.7302,14.71,96,100,4.52,PL,1684897134
309,argo,37.6333,22.7333,16.55,71,8,1.35,GR,1684897097
310,walvis bay,-22.9575,14.5053,12.83,93,1,3.09,NA,1684897158
311,saint-pierre,-21.3393,55.4781,22.54,88,100,2.57,RE,1684897161
312,yokadouma,3.5167,15.05,20.73,96,100,0.53,CM,1684897226
313,kupang,-10.1667,123.5833,31.32,58,20,3.6,ID,1684897226
314,egilsstadir,65.2653,-14.3948,5.95,52,75,12.35,IS,1684897033
315,letlhakane,-21.4167,25.5833,15.2,67,0,4.1,BW,1684897227
316,vallenar,-28.5708,-70.7581,12.01,86,0,1.13,CL,1684897228
317,ipora,-16.4419,-51.1178,16.33,64,0,2.25,BR,1684897032
318,berezovyy,51.6667,135.7,21.23,39,100,1.96,RU,1684897228
319,holmsund,63.706,20.3641,9.97,93,0,2.24,SE,1684897229
320,la passe,45.5549,-0.8967,15.13,82,8,6.77,FR,1684897061
321,myitkyina,25.3833,97.4,35.03,32,100,1.43,MM,1684897229
322,ringas,27.35,75.5667,32.34,41,42,7.36,IN,1684897230
323,lobujya,27.95,86.8167,-0.16,59,27,0.24,NP,1684897231
324,bambari,5.768,20.6757,22.69,78,90,0.93,CF,1684897231
325,kidal,18.4411,1.4078,31.59,17,50,4.5,ML,1684897231
326,port blair,11.6667,92.75,31.02,74,20,3.6,IN,1684897233
327,clovis,36.8252,-119.7029,27.94,37,40,6.69,US,1684897161
328,marsala,37.7966,12.4352,17.74,82,0,1.03,IT,1684897235
329,banka,24.8833,86.9167,33.57,37,0,3.02,IN,1684897235
330,villa gesell,-37.2639,-56.973,18.36,92,100,3.65,AR,1684897237
331,karratha,-20.7377,116.8463,25.37,20,1,4.1,AU,1684897087
332,bentota,6.4254,79.9948,28.58,74,11,4.87,LK,1684897237
333,esquel,-42.9,-71.3167,0.89,97,53,5.53,AR,1684897238
334,fortuna,40.5982,-124.1573,13.19,83,40,5.66,US,1684897077
335,ha long,20.9511,107.08,30.77,62,100,3.68,VN,1684897239
336,uturoa,-16.7333,-151.4333,26.77,77,80,5.75,PF,1684897131
337,tucumcari,35.1717,-103.725,17.19,70,14,6.59,US,1684897240
338,oliver,49.1831,-119.5524,19.95,42,100,2.57,CA,1684897240
339,celestun,20.8667,-90.4,27.3,73,3,5.09,MX,1684897240
340,correntina,-13.3433,-44.6367,21.27,59,99,2.01,BR,1684897241
341,blackwater,-23.5833,148.8833,25.42,23,0,6.0,AU,1684897241
342,liman,48.9884,37.8023,14.84,97,100,2.51,UA,1684897241
343,ushibukamachi,32.1906,130.0228,21.08,50,41,4.2,JP,1684897242
344,i-n-salah,27.1935,2.4607,23.54,15,75,3.8,DZ,1684897163
345,am timan,11.0297,20.2827,30.6,35,5,2.61,TD,1684897242
346,arraial do cabo,-22.9661,-42.0278,22.06,84,16,7.09,BR,1684897036
347,krasnyy chikoy,50.3643,108.7512,15.6,33,37,3.56,RU,1684897242
348,tamiahua,21.2667,-97.45,26.33,83,11,4.47,MX,1684897243
349,pak phanang,8.3511,100.202,33.35,54,26,0.82,TH,1684897243
350,puerto aysen,-45.4,-72.7,4.84,100,100,1.71,CL,1684897243
351,newnham,-41.3833,147.1333,13.81,90,100,8.75,AU,1684897243
352,ar rass,25.8694,43.4973,27.77,35,100,9.61,SA,1684897244
353,zheshart,62.0731,49.5733,17.33,68,83,1.76,RU,1684897244
354,sena madureira,-9.0656,-68.6569,23.05,98,77,0.15,BR,1684897245
355,alcains,39.9164,-7.4566,12.66,83,15,1.52,PT,1684897245
356,inari,68.906,27.0288,11.11,88,97,0.88,FI,1684897245
357,iskateley,67.6803,53.1512,16.38,55,15,4.62,RU,1684897064
358,kasongo-lunda,-6.4667,16.8167,21.14,95,41,0.46,CD,1684897246
359,santa cruz,-17.8,-63.1667,21.7,94,40,2.06,BO,1684897166
360,hobyo,5.3505,48.5268,27.68,75,100,3.21,SO,1684897246
361,petropavlovsk-kamchatsky,53.0452,158.6483,10.33,50,75,2.0,RU,1684897051
362,san rafael,-34.6177,-68.3301,13.93,48,0,2.35,AR,1684897247
363,la cumbre,-30.982,-64.4914,18.43,80,100,4.11,AR,1684897247
364,baruun-urt,46.6806,113.2792,18.45,27,100,2.72,MN,1684897247
365,eenhana,-17.4667,16.3333,15.41,37,6,2.65,NA,1684897248
366,nevel'sk,46.6733,141.8633,6.3,81,2,7.57,RU,1684897248
367,mutuali,-14.8706,37.0044,15.38,90,3,1.26,MZ,1684897248
368,darwin,-12.4611,130.8418,29.38,54,75,5.66,AU,1684897075
369,hafar al-batin,28.4328,45.9708,29.32,34,20,4.12,SA,1684897249
370,fort st. john,56.2499,-120.8529,6.94,81,100,1.54,CA,1684897116
371,kingston,17.997,-76.7936,27.53,84,40,1.03,JM,1684897240
372,khandyga,62.6667,135.6,11.4,33,94,0.59,RU,1684897106
373,ulsan,35.5372,129.3167,21.27,46,100,2.83,KR,1684897126
374,kununurra,-15.7667,128.7333,26.99,32,4,6.17,AU,1684897084
375,nattheim,48.6996,10.2421,10.7,84,50,1.29,DE,1684897250
376,emerald,-23.5333,148.1667,25.19,29,0,3.48,AU,1684897047
377,vilyuchinsk,52.9306,158.4028,11.15,95,90,2.52,RU,1684897250
378,greymouth,-42.4667,171.2,13.2,64,36,0.79,NZ,1684897251
379,ust'-kut,56.7938,105.7672,7.42,81,100,1.82,RU,1684897251
380,usogorsk,63.4106,48.6872,16.07,73,69,2.26,RU,1684897074
381,barra do corda,-5.5,-45.25,25.67,70,100,0.88,BR,1684897252
382,saint-philippe,-21.3585,55.7679,21.77,82,95,1.71,RE,1684897056
383,hirara,24.8,125.2833,26.15,69,40,4.12,JP,1684897252
384,el calafate,-50.3408,-72.2768,0.37,76,100,0.89,AR,1684897252
385,margate,51.3813,1.3862,10.39,82,100,0.56,GB,1684897120
386,constantia,44.1833,28.65,13.38,84,60,2.28,RO,1684897037
387,vaasa,63.096,21.6158,9.97,75,0,4.02,FI,1684897253
388,bria,6.5423,21.9863,21.71,81,87,1.39,CF,1684897206
389,easton,40.6884,-75.2207,15.14,75,23,0.89,US,1684897037
390,malabar,-33.9667,151.25,20.44,46,9,3.09,AU,1684897254
391,owen sound,44.5672,-80.9435,15.23,80,53,0.45,CA,1684897254
392,princeville,45.7668,-61.2985,5.79,86,4,1.03,CA,1684897254
393,petauke,-14.2426,31.3253,16.6,73,32,1.0,ZM,1684897255
394,vila velha,-20.3297,-40.2925,20.97,99,75,1.54,BR,1684897250
395,viedma,-40.8135,-62.9967,13.03,79,100,3.0,AR,1684897255
396,ko pha ngan,9.7578,100.0291,28.38,75,98,5.78,TH,1684897255
397,alo,7.4178,6.7371,24.9,92,100,1.41,NG,1684897169
398,tomatlan,19.9333,-105.25,24.67,74,100,1.08,MX,1684897256
399,caleta de carquin,-11.0925,-77.6267,20.88,83,63,6.16,PE,1684897256
400,east london,-33.0153,27.9116,15.43,48,4,2.05,ZA,1684897051
401,arteche,12.2645,125.4048,31.34,61,75,2.54,PH,1684897112
402,okha,53.5739,142.9478,6.2,72,100,7.4,RU,1684897257
403,port-gentil,-0.7193,8.7815,26.36,84,99,3.54,GA,1684897257
404,izhmorskiy,56.194,86.6414,10.45,48,100,5.67,RU,1684897257
405,saint-louis,16.3333,-15.0,26.9,31,83,5.59,SN,1684897258
406,vernon,50.2581,-119.2691,15.89,70,96,1.79,CA,1684896992
407,krasnokamensk,50.0979,118.0369,19.45,25,99,5.49,RU,1684897258
408,lillehammer,61.1146,10.4674,4.91,98,77,1.47,NO,1684897258
409,spring creek,40.7266,-115.5859,14.83,81,99,0.86,US,1684897259
410,papao,-17.75,-149.55,27.82,81,98,5.05,PF,1684897157
411,trairi,-3.2778,-39.2689,23.09,98,43,2.22,BR,1684897259
412,berber,18.0216,33.983,28.36,49,1,2.91,SD,1684897259
413,south kingstown,41.4562,-71.5395,11.4,74,34,0.86,US,1684897259
414,griffith,41.5284,-87.4237,21.61,48,0,0.0,US,1684897260
415,happy valley-goose bay,53.3168,-60.3315,11.17,40,75,5.14,CA,1684897134
416,constitucion,-35.3333,-72.4167,13.05,85,100,3.21,CL,1684897229
417,altay,47.8667,88.1167,16.2,32,0,1.54,CN,1684897032
418,cody,44.5263,-109.0565,16.34,73,75,4.02,US,1684897261
419,zahedan,29.4963,60.8629,16.95,72,0,3.09,IR,1684897261
420,andovoranto,-18.95,49.1,18.69,99,79,0.65,MG,1684897261
421,paka,4.6374,103.4368,30.96,74,20,2.06,MY,1684897262
422,eyl,7.9803,49.8164,27.15,74,87,3.28,SO,1684897262
423,yaring,6.8662,101.3689,36.27,66,57,4.68,TH,1684897262
424,lae,-6.7221,146.9847,30.05,64,99,1.74,PG,1684897263
425,vilani,56.5525,26.9245,12.0,74,91,1.33,LV,1684897263
426,outjo,-20.1167,16.15,16.32,31,0,1.78,NA,1684897263
427,ulsteinvik,62.3432,5.8487,13.32,75,100,8.94,NO,1684897263
428,kangasniemi,61.9936,26.6479,8.01,77,5,1.41,FI,1684897264
429,sumbawa besar,-8.5,117.4333,31.06,51,4,2.39,ID,1684897264
430,tamanrasset,22.785,5.5228,21.95,23,0,3.09,DZ,1684897265
431,leribe,-28.8718,28.045,5.22,66,8,0.92,LS,1684897265
432,lingen,52.5167,7.3167,7.75,1,0,3.6,DE,1684897265
433,revda,56.801,59.9303,18.87,45,11,1.0,RU,1684897265
434,berbera,10.4396,45.0143,28.98,59,98,2.64,SO,1684897266
435,dunedin,-45.8742,170.5036,11.56,61,17,2.24,NZ,1684897266
436,kanodar,24.1,72.3833,30.19,57,29,5.66,IN,1684897266
437,yatou,37.15,122.3833,24.76,32,100,6.83,CN,1684897266
438,kandi,11.1342,2.9386,27.68,67,100,2.42,BJ,1684897267
439,puerto escondido,15.85,-97.0667,28.85,77,2,2.82,MX,1684897267
440,waingapu,-9.6567,120.2641,28.65,63,39,4.33,ID,1684897268
441,dwarka,22.2394,68.9678,28.96,79,0,8.61,IN,1684897095
442,al ghayzah,16.2079,52.176,28.88,74,55,3.11,YE,1684897268
443,uliastay,47.7417,96.8444,10.17,37,28,4.24,MN,1684897269
444,vorkuta,67.5,64.0,11.18,53,16,3.6,RU,1684897170
445,port augusta,-32.5,137.7667,20.54,31,56,8.51,AU,1684897269
446,lompoc,34.6391,-120.4579,15.99,83,100,2.57,US,1684897076
447,pala,9.3642,14.9046,25.55,72,97,3.29,TD,1684897269
448,lorengau,-2.0226,147.2712,25.16,91,100,4.14,PG,1684897270
449,burela de cabo,43.65,-7.4,14.07,94,56,5.2,ES,1684897270
450,broken hill,-31.95,141.4333,19.33,24,5,6.32,AU,1684897167
451,tralee,52.2704,-9.7026,9.04,96,76,0.74,IE,1684897270
452,tandalti,13.0167,31.8667,28.82,12,0,3.3,SD,1684897271
453,horta,38.5333,-28.6333,16.12,84,92,4.02,PT,1684897177
454,acarau,-2.8856,-40.12,25.49,87,34,4.67,BR,1684897158
455,dolneni,41.4253,21.4547,10.43,83,7,1.19,MK,1684897271
456,achinsk,56.2694,90.4993,10.28,42,15,7.05,RU,1684897272
457,callao,-12.0667,-77.15,23.18,78,100,6.69,PE,1684897272
458,lospalos,-8.5186,127.0025,25.77,76,61,5.21,TL,1684897272
459,keflavik,64.0049,-22.5624,6.24,56,75,19.03,IS,1684897028
460,micheweni,-4.9667,39.8333,25.29,85,29,3.96,TZ,1684897273
461,machico,32.7,-16.7667,18.73,82,40,1.54,PT,1684897157
462,colesberg,-30.72,25.0972,9.17,34,61,1.99,ZA,1684897043
463,guerrero negro,27.9769,-114.0611,16.07,80,0,6.04,MX,1684897273
464,ha'il,27.5219,41.6907,25.01,27,0,2.06,SA,1684897274
465,fairmont,39.4851,-80.1426,17.39,74,27,1.58,US,1684897274
466,tenango de las flores,20.2058,-97.9881,17.81,94,80,0.94,MX,1684897274
467,broome,42.2506,-75.833,16.68,84,5,2.1,US,1684897084
468,santiago de cao,-7.9589,-79.2392,23.07,88,100,5.14,PE,1684897275
469,muroto-misakicho,33.2833,134.15,19.22,51,2,1.11,JP,1684897275
470,katpur,21.05,71.7833,29.98,62,0,3.86,IN,1684897275
471,ebon,4.582,168.6964,27.45,79,95,4.71,MH,1684897159
472,aras-asan,8.8908,126.3033,29.81,68,100,1.72,PH,1684897276
473,tulun,54.5611,100.5792,6.19,70,95,7.61,RU,1684897276
474,an nuhud,12.7,28.4333,27.28,36,3,3.89,SD,1684897277
475,la foa,-21.7108,165.8276,23.48,56,46,7.26,NC,1684897145
476,aksu,41.1231,80.2644,22.32,28,100,4.04,CN,1684897277
477,sitia,35.2,26.0986,17.77,85,13,3.77,GR,1684897277
478,brokopondo,4.75,-55.1667,25.27,90,100,2.99,SR,1684897137
479,staufenberg,50.6667,8.7167,7.09,82,14,2.24,DE,1684897278
480,tocopilla,-22.092,-70.1979,18.35,74,8,4.15,CL,1684897278
481,akhmet'a,42.0311,45.2075,16.29,80,0,1.75,GE,1684897279
482,axim,4.8699,-2.2405,25.98,90,82,1.9,GH,1684897279
483,san ignacio de velasco,-16.3667,-60.95,21.07,91,9,1.4,BO,1684897279
484,thunder bay,48.4001,-89.3168,9.99,76,100,2.57,CA,1684896795
485,sao francisco,-15.9486,-44.8644,19.77,62,100,1.87,BR,1684897280
486,burgas,42.5061,27.4678,13.06,94,40,0.51,BG,1684897280
487,sinjai,-5.1241,120.253,29.01,70,64,1.85,ID,1684897280
488,romorantin-lanthenay,47.4167,1.8333,9.81,81,0,2.06,FR,1684897281
489,palangkaraya,-2.2,113.8333,29.92,69,93,0.61,ID,1684897281
490,sandnessjoen,66.0217,12.6316,9.25,66,92,2.24,NO,1684897281
491,tibro,58.4245,14.1616,8.76,94,4,1.13,SE,1684897282
492,severo-yeniseyskiy,60.3725,93.0408,2.05,72,99,5.73,RU,1684897282
493,tibati,6.4667,12.6333,19.6,98,75,1.39,CM,1684897282
494,masterton,-40.9597,175.6575,11.13,89,100,2.88,NZ,1684897080
495,golfito,8.639,-83.166,24.86,92,100,1.29,CR,1684897283
496,gisborne,-38.6533,178.0042,15.12,79,57,6.1,NZ,1684897283
497,gwanda,-20.9333,29.0,12.99,89,0,2.11,ZW,1684897283
498,gaspe,48.8334,-64.4819,8.12,61,20,4.12,CA,1684897217
499,chinchilla,-26.75,150.6333,21.71,25,0,1.56,AU,1684897284
500,derzhavinsk,51.1,66.3167,19.68,37,13,3.3,KZ,1684897284
501,tallahassee,30.4383,-84.2807,21.72,93,99,0.89,US,1684897077
502,berezovo,63.9381,65.0419,15.35,63,40,1.61,RU,1684897284
503,phek,25.6667,94.5,20.96,67,95,0.33,IN,1684897285
504,bafq,31.6128,55.4107,28.74,18,65,1.27,IR,1684897285
505,geraldton,-28.7667,114.6,21.23,73,75,2.57,AU,1684897131
506,camiri,-20.05,-63.5167,21.51,87,100,1.83,BO,1684897285
507,hobbs,32.7026,-103.136,25.59,30,0,4.12,US,1684897286
508,bodaybo,57.8506,114.1933,11.77,54,100,1.3,RU,1684897286
509,nadvoitsy,63.8667,34.3167,11.78,75,4,2.57,RU,1684897286
510,sinop,41.7711,34.8709,12.11,94,96,1.23,TR,1684897287
511,zyryanskoye,56.8306,86.6258,10.81,43,100,5.59,RU,1684897287
512,necochea,-38.5473,-58.7368,16.36,91,100,3.33,AR,1684897287
513,dieppe,49.75,1.1667,6.85,93,100,2.87,FR,1684897029
514,kirakira,-10.4544,161.9205,29.43,75,80,2.64,SB,1684897288
515,altai,46.3722,96.2583,6.1,52,71,6.16,MN,1684897288
516,dalai,45.5,124.3,29.86,15,8,9.25,CN,1684897288
517,basoko,1.2391,23.616,21.83,86,72,0.91,CD,1684897289
518,mili,6.0815,171.735,27.54,80,80,4.48,MH,1684897173
519,bastia,42.6667,9.3333,16.83,83,0,1.54,FR,1684897289
520,n'djamena,12.1067,15.0444,30.16,46,58,3.68,TD,1684897290
521,east ballina,-28.8667,153.5833,21.56,62,0,1.99,AU,1684897126
522,vavoua,7.3819,-6.4778,22.37,98,31,1.3,CI,1684897290
523,wildwood,38.5828,-90.6629,22.9,86,20,0.0,US,1684897290
524,along,28.1667,94.7667,28.06,64,100,0.18,IN,1684897148
525,ayancik,41.9447,34.5861,14.97,91,84,0.86,TR,1684897291
526,kenora,49.8167,-94.4337,12.54,62,100,4.63,CA,1684897121
527,jabor,5.921,169.6434,28.21,76,20,4.67,MH,1684897291
528,jiagedaqi,50.4167,124.1167,22.93,24,100,2.18,CN,1684897292
529,novyy urengoy,66.0833,76.6333,3.82,68,35,2.12,RU,1684897292
530,zhezqazghan,47.7833,67.7667,18.32,42,0,6.0,KZ,1684897047
531,nakamura,32.9833,132.9333,21.69,44,3,2.39,JP,1684897293
532,ancud,-41.8697,-73.8203,9.36,86,100,11.1,CL,1684897108
533,okhotsk,59.3833,143.3,6.81,58,1,4.53,RU,1684897125
534,cascais,38.6979,-9.4215,18.62,84,90,5.81,PT,1684897293
535,saint-francois,46.4154,3.9054,10.69,93,100,0.51,FR,1684897294
536,tazovsky,67.4667,78.7,2.34,74,100,2.85,RU,1684897097
537,novodvinsk,64.4165,40.8122,14.12,88,100,3.12,RU,1684897142
538,paidha,2.4167,30.9855,15.79,94,73,1.65,UG,1684897294
539,kone,-21.0595,164.8658,25.74,44,19,4.67,NC,1684897294
540,rey bouba,8.6724,14.1786,25.86,72,95,2.09,CM,1684897295
541,illizi,26.4833,8.4667,23.89,16,97,1.75,DZ,1684897295
542,new richmond,45.123,-92.5366,21.63,82,0,2.57,US,1684897295
543,polyarnyy,69.1989,33.4478,11.9,73,51,4.64,RU,1684897092
544,tanque verde,32.2517,-110.7373,30.92,12,0,2.24,US,1684897296
545,otofuke,42.9917,143.2003,14.53,47,100,3.67,JP,1684897296
546,vadso,70.0744,29.7487,7.49,87,75,5.66,NO,1684897296
547,mugumu,-1.85,34.7,13.65,94,4,1.85,TZ,1684897296
548,tyukhtet,56.5389,89.3011,11.12,38,8,5.7,RU,1684897296
549,newman,37.3138,-121.0208,23.99,47,0,3.13,US,1684897138
550,xylofagou,34.9772,33.8492,17.68,93,0,0.27,CY,1684897297
551,punta del este,-34.9667,-54.95,20.54,83,0,3.09,UY,1684897287
552,nieuw amsterdam,5.8833,-55.0833,26.68,89,100,3.27,SR,1684897175
553,shetpe,44.1667,52.1167,22.81,47,0,5.97,KZ,1684897298
554,la jolla,32.8473,-117.2742,17.11,86,100,3.09,US,1684897071
555,morehead city,34.7229,-76.726,18.03,85,100,7.2,US,1684897298
556,guayaramerin,-10.8368,-65.3614,23.46,92,44,1.06,BO,1684897298
557,zharkent,44.1628,80.0,18.58,38,33,2.87,KZ,1684897299
558,flin flon,54.7682,-101.865,10.1,37,100,4.32,CA,1684897299
559,sampit,-2.5333,112.95,30.06,66,96,1.65,ID,1684897299
560,maru,12.3342,6.4057,29.83,53,85,4.89,NG,1684897299
561,qarqaraly,49.4058,75.4742,15.49,34,6,3.78,KZ,1684897300
